{
  "timestamp": "2025-08-29T21:30:47.023764",
  "statistics": {
    "soft_liquidations_months": 18,
    "soft_liquidations_total_crvusd": 1468743018.566711,
    "unique_positions": 11,
    "total_events": 0,
    "soft_liquidations_total": 246614128.20876873
  },
  "cards_analyzed": [
    "70",
    "61"
  ],
  "note": "\u0414\u0430\u043d\u043d\u044b\u0435 \u0430\u0433\u0440\u0435\u0433\u0438\u0440\u043e\u0432\u0430\u043d\u044b \u043f\u043e \u043c\u0435\u0441\u044f\u0446\u0430\u043c. \u0414\u043b\u044f \u0434\u0435\u0442\u0430\u043b\u044c\u043d\u043e\u0433\u043e \u0430\u043d\u0430\u043b\u0438\u0437\u0430 \u043d\u0443\u0436\u043d\u044b \u0442\u0440\u0430\u043d\u0437\u0430\u043a\u0446\u0438\u043e\u043d\u043d\u044b\u0435 \u0434\u0430\u043d\u043d\u044b\u0435."
}